name,price
Samsung S6 S7 Edge Plus Note 5 Fast Wireless Charger Charging Pad, 39.90
SAMSUNG S6 S7 EDGE PLUS NOTE 7 EDGE Full Transparent Tempered Glass, 25.00
ORIGINAL SAMSUNG Note 4 5 S6 S7 EDGE 2.0A Fast Charging Charger, 39.90
Clear View Mirror Samsung Galaxy Note 5 S6 S7 Edge Plus Smart Flip Case Cover , 19.90
Samsung NOTE 3 4 5 S6 S7 Edge S8 Iphone 7 PLUS ClearView Smart Flip Case Cover, 23.90
Original Samsung Galaxy S7 edge 32GB ROM + FREE Gift worth Rm279," 2,299.00"
Original Samsung Fast Charge USB Cable Car Adapter Note 4 5 7 S6 S7, 9.90
Original Samsung Battery W S2 S3 S4 S5 S6 S7 Note 1 2 3 4 Neo Edge, 30.00
Samsung S6 S7 Edge S8 Note Iphone 6 6S 7 Plus FULL Curve Tempered Glass, 15.00
Original Samsung Galaxy S7 edge 32GB Rom  + FREE Gift worth RM399," 2,299.00"
Samsung Galaxy S7 S7 Edge Spigen Case Cover Casing SPIGEN Rugged Armor, 54.90
Original Samsung Galaxy S7 + FREE Gift worth Rm279," 1,999.00"
SAMSUNG Galaxy S7 EDGE GKK 360 FULL Protection Ultra SLIM Fit Case, 19.90
Samsung C9 PRO Note 5 S7 Edge S8 PLUS 3 in 1 Perfect FIT SLIM Case, 15.00
Samsung S6 S7 Edge S8 Plus J3 J5 J7 2016 360 Hard Tempered Glass Case, 17.95
Samsung Galaxy S7 /  S7 Edge Original SPIGEN Neo Hybrid Case Casing, 85.90
Samsung Galaxy J5 J7 S3 S4 Note 2 3 4 5 7 S6 S7 Edge Plus Tough Case, 19.90
SAMSUNG NOTE 3 4 5 J2 J5 J510 J7 PRIME J710 S7 360 Tempered Glass Case, 18.00
(Original Import) Samsung Xiaomi Galaxy S6 S7 Edge Note 5 7 Earphones, 20.00
Samsung Galaxy Note 2 3 4 5 7 S6 S7 Edge J5 J7 Transparent NEON Case, 12.90
SAMSUNG GALAXY S6 NOTE 5 S7 EDGE S8 PLUS FULL Curve Screen Protector, 12.00
Samsung S6 S7 Edge Plus Note 5 Fast Charge Wireless Charger Pad, 59.00
Samsung Note 3 4 5 S5 S6 S7 Edge Spigen Neo Hybrid Cover Case Casing, 19.00
Samsung Galaxy S7 Edge - Original Samsung Msia set!," 2,399.00"
Screen Guard Samsung Galaxy S7 Edge S6 Note 5 7 Full 3D Screen Protector Film , 9.90
FULL COVER Samsung Note 3 4 5 S6 S7 J5 J7 Prime Tempered Glass Protector, 15.00
SAMSUNG S7 Edge S8 PLUS Back Camera & Fingerprint Soft Tempered Glass, 12.00
SAMSUNG S7 Edge S8 PLUS J5 J7 2016 Full Protection Matte TPU Case, 8.00
SAMSUNG GALAXY S7 EDGE Note 3 4 5 XTREME LUNATIK FULL PROTECTION Case, 55.00
Cruzerlite Samsung Galaxy S7 S8 Plus Edge A3 A5 A7 2017 Case Casing, 28.00
SAMSUNG GALAXY S6 S7 Edge S8 PLUS 360 FULL Protection Case, 18.00
Samsung Galaxy S7 edge Black Pearl G935 (128GB+4GB) Original Msia Set," 2,599.00"
Samsung S6 S7 Edge S8 Plus 360 TPU Silicon Transparent Case, 9.99
SAMSUNG S6 S7 S8 EDGE PLUS NOTE 5 360 FULL FRONT BACK Screen Protector, 12.00
IPHONE 5 5S 6 7 Plus Samsung Note 3 4 5 7 S7 Edge A5 A7 Case Casing, 28.00
SAMSUNG Galaxy S7 & S7 Edge 3D FULL SIDE COLOR PLATING TEMPERED GLASS, 29.90
Samsung Note 3 4 5 S6 S7 Edge Plus A5 A7 A8 A9 J5 Metal Case Casing, 69.90
SAMSUNG S3 S4 NOTE 2 3 4 5 A5100 A7100 S7 EDGE GOOSPERY Flip Case, 25.90
Samsung Galaxy S7 Edge J1 ACE J7 J5 J3 A3 A5 A7 2016 Mirror Case Cover, 19.90
Anti Gravity Samsung S6 S7 Edge Plus Note 5 Bumper Sticky Slim Case Cover Magi, 29.90
Glass Pro Samsung Galaxy S7 Edge Full Screen 3D Curved Tempered Screen Protect, 19.90
SAMSUNG GRAND NOTE S3 S4 2 3 NEO4 5 S6 S7 EDGE PLUS MIRROR Bumper Case, 19.90
Samsung Galaxy S7 Edge S8 Plus Tempered Glass Screen Protector, 9.90
Quality Samsung S6 Edge Plus S7 Edge Full Cover Tempered Glass (5 Colors), 8.90
Samsung Galaxy S7 / S7 Edge Carbon Fiber Case Cover Casing, 29.00
Samsung Galaxy S7 / S7 Edge Aluminium Metal Case Cover Casing, 99.00
SAMSUNG J5 J7 A8 NOTE 4 5 S6 S7 EDGE PLUS IRONMAN TRANSFORMER Case, 18.00
Samsung Note 2 3 4 5 S6 S7 EDGE A5 A7 A9 J1 mini J2 J5 J7 Prime case, 10.00
Cyclone Slim Samsung S8 / Plus  & S7 Edge Crystal Silicone TPU Case Cover / Ha, 12.90
Samsung Galaxy S7 Edge Note 7 Tempered Glass Screen Protector, 29.90
SAMSUNG S8 PLUS C9 PRO A5 A7 2017 S7 EDGE FULL ANTIDROP TPU Case, 9.90
I-Smile Samsung Galaxy S7 Edge Full Screen 3D Curved Clear Protector Film Cove, 24.82
Samsung Galaxy S8 Plus S7 Edge Rugged Armor TPU Bumper Cover Case, 12.00
Samsung Galaxy S8 Plus S7 Edge C9 Pro Cocose Armor Bumper Cover Case, 15.99
Samsung Galaxy A9 C9 Pro J5 J7 Prime S7 Full Cover ABS Tempered Glass, 11.99
Samsung Galaxy S8 S7 S6 Edge Plus S4 mini Nillkin Hard Cover Case, 19.99
Samsung Galaxy S8 S7 S6 Edge Plus 3D Curve Full Cover Screen Protector, 17.99
Samsung Galaxy S8 S7 S6 Edge Plus Note 7 5 Nillkin Bumper Cover Case, 25.99
Original/Genuine Samsung Note4/Note5/S6/S7/Edge Fast Charging Cable, 9.90
Samsung Note 3 4 5 7 S6 S7 Edge S8 S8+ A3 A5 A7 C9 Pro Airbag Case, 17.00
SAMSUNG S7 Edge S6 Edge Note 5 A9 A8 Back Film Screen Protector - (P008), 5.80
Samsung Galaxy Note 2 3 4 5 6 7 S5 S6 S7 S8 Plus Edge TEMPERED GLASS, 5.00
Samsung J1 Mini Ace J2 J3 J5 J7 A3 A5 A7 2016 S7 Edge TPU 360 Case, 9.00
NILLKIN iPhone 7 Plus SE 6s Plus SAMSUNG Note 5 S7 MiMax TemperedGlass, 29.90
Samsung Galaxy S7 Edge RINGKE FUSION FRAME SLIM Case Cover Casing, 70.00
Avengers Hero Samsung S6 S7 Edge Note 5 Wireless Charger Charging Pad, 39.90
Armor Drop Proof Casing Case Cover for Samsung S7 / S7 Edge, 120.80
Samsung Galaxy S7 Edge [128GB] 4GB RAM Black Smartphone - G935 (Samsung Warran," 3,159.00"
Samsung Galaxy S7 5.1 Inch Flat Smartphone - G930 (Samsung Warranty)," 2,579.00"
Samsung Galaxy S7 Edge 5.5inch [32GB]4GB Dual 12MP + 5MP Camera," 2,949.00"
Samsung Galaxy S6 S7 Edge Plus UAG Plasma Maverick Military Case Cover, 25.00
SAMSUNG J5 J710 J7 J2 PRIME S7 EDGE C9 PRO Transformer Standable Case, 15.00
SAMSUNG Note 5 S6 S7 A3 A5 A7(2017) C5 C9 PRO NILLKIN Tempered Glass, 29.90
Samsung Galaxy S7 Edge/S7 external battery powerbank/powercase 6500mah, 105.00
SAMSUNG C9 PRO S8 PLUS S7 Edge Note 5 Full Protection SLIM PC Case, 12.00
Samsung Galaxy S7 Edge Original SPIGEN Crystal Shell Case Cover Casing, 89.00
Samsung Galaxy S7 Edge G935FD 32GB Ori SME Msia," 2,199.00"
IPHONE 5 6 6S 7 Samsung S6 S7 S8 Plus Edge Note 5 7 Metal Case Casing, 69.90
Lovemei Samsung A3 A5 A7 A8 S3 S4 S5 S6 S7 Edge Note 2 3 4 Metal Case, 78.00
Samsung Galaxy S7 / S7 Edge Metal Case Cover Casing R-JUST, 99.00
SME S7 & EDge Fast Charge Wireless Charging Stand Samsung Set, 209.00
Samsung S4 A5 A7 J3 J5 J510 J7 J710 2016 S6 S7 EDGE ARMY Tough Case, 19.90
Original Spigen SGP Slim Armor Case Samsung Galaxy S7 Edge, 109.00
Samsung Note 3 4 5 S4 S5 S6 S7 Edge A3 A5 A7 A8 E5 E7 Tempered Glass, 9.00
Samsung NOTE 4 5 S6 S7 Edge PLUS A5 A710 J510 J710 Mirror Flip Case, 19.90
SAMSUNG Note 3 4 5 S7 S8 Edge Plus SPIGEN Design Carbon Line Case, 15.00
SAMSUNG J2 J5 J7 PRIME S7 EDGE S8 PLUS 0.38mm Slim Transparent TPU Cas, 15.00
Samsung Galaxy S7 Edge Metal + Silicone Back Armor Case Cover Casing, 35.90
Samsung Galaxy S7 / Edge 3D Silicone Back Armor Case Cover Casing, 36.90
Authentic MCDODO CA-033 BEETLE 2in1 Charging Cable Samsung S7 S6 S5 S4, 24.98
GRIFFIN 1M STRONG USB Charging Cable Samsung Galaxy Note S6 S7 EDGE, 11.98
PAPADA Super Strong USB Fast Charging Cable Samsung S5 S6 S7 Note 4 5, 16.98
Samsung Note 2 3 4 5 S3 S4 S5 S6 S7 Anti Blue Light Ray Tempered Glass, 10.98
(ORIGINAL) SAMSUNG WARRANTY Samsung Galaxy S7 EDGE G935 128GB," 3,299.00"
CABSTONE 8A 5 USB-C Fast Charger Samsung Galaxy S8 S8 Plus S7 Edge, 229.00
SAMSUNG GALAXY S7 EDGE G935A FULL CURVED TEMPERED GLASS , 35.00
100% Spigen Samsung Galaxy S7 Edge Curved HD Screen Protector  @ 2pcs, 116.90
Buy 2 Free 1 @ Samsung Galaxy S7 Edge 3D Silicone Case Cover Casing, 25.90
SAMSUNG S7 Tempered Glass Screen Protector 0.26mm, 12.00
CABSTONE 6A 2 USB-C Fast Charger Samsung Galaxy S8 S8 Plus S7 Edge, 169.00
"â??Value Buy~2nd Hand Samsung GALAXY S7 Edge, Note 4 N910C 32Gb~!"," 1,490.00"
GOLD Auto Wake S View Function Case Samsung Galaxy S7 Edge / G935FD, 18.98
ORI MERCURY Fancy Diary Case Cover Samsung Galaxy S7 Edge G935FD ~BLK, 13.98
100% ORIGINAL Micro USB OTG Adapter Head Samsung S7 S6 S4 Note 2 4 5, 29.98
BLACK Auto Wake S View Function Case Cover Samsung Galaxy S7 /G930FD, 18.98
BLACK Auto Wake S View Function Case Samsung Galaxy S7 Edge / G935FD, 18.98
Samsung Earphone Headphone Hands Free For S6 S7 edge Note 4 5, 19.90
Samsung Galaxy S7 Nillkin Super Frosted Shield Back Case - rmtlee, 38.00
Samsung Galaxy S7 Edge Spigen Thin Fit series Back Case - Original , 89.00
Samsung Galaxy S7 Edge Nillkin Defender II series Protective Case, 48.00
Samsung Galaxy S7 Edge Rock Dr.v Smart Leather Case - rmtlee, 55.00
Samsung Galaxy S7 Clear View Cover Case - Original, 198.00
Samsung Galaxy S7 Nillkin H+ Pro 0.2mm 2.5D Tempered Glass - Original, 39.00
Samsung Galaxy S7 Edge Spigen Tough Armor series Protective Case , 149.00
Samsung Galaxy S7 Edge Rock Ultra Thin TPU Case - rmtlee, 28.01
Samsung Galaxy S7 Edge S View Smart Cover Case - Original, 219.00
Samsung Galaxy S7 Edge 2700mAh Backpack Battery Case - Original , 439.00
Samsung Galaxy S7 Edge Baseus Transparent Back Cover - rmtlee, 38.00
Samsung Galaxy S7 Rock Ultra Thin TPU Case - rmtlee, 30.00
Samsung Galaxy S7 Edge 3600mAh EB-BG935ABE Standard Battery - Original, 77.99
Samsung Galaxy S7 3000mAh EB-BG930ABE Standard Battery - Original, 77.99
Samsung Galaxy S7 Edge Nillkin Synthetic Fiber series Protective Case, 48.00
Samsung Galaxy S7 Edge SIEGE Glastimate 3D Curved Tempered Glass, 199.00
Samsung Galaxy S7 Rock Ultra Thin TPU Case - rmtlee, 30.00
Samsung Galaxy S7 Nillkin Sparkle series Leather Case - rmtlee, 39.00
Samsung Galaxy S7 Edge Rock Dr.v Smart Leather Case - rmtlee, 55.00
Samsung Galaxy S7 Clear View Cover Case - Original, 198.00
Samsung Galaxy S7 Edge Spigen Tough Armor series Protective Case , 149.00
Samsung Galaxy S7 Edge Rock Ultra Thin TPU Case - rmtlee, 28.01
Samsung Galaxy S7 Nillkin Sparkle series Leather Case - rmtlee, 39.00
(ORIGINAL) SAMSUNG WARRANTY Samsung Galaxy S7 Edge G935 32GB," 2,589.00"
(ORIGINAL) SAMSUNG WARRANTY Samsung Galaxy S7 Edge G935 128GB," 3,389.00"
Genuine Battery EB-BG935ABE Samsung Galaxy S7 Edge / G935FD ~3600mAh, 73.98
100% ORIGINAL EP-TA20UWE Charger Cable Samsung Note 4 5 S6 S7 Edge+, 62.98
Genuine Internal Battery EB-BG930ABE Samsung Galaxy S7 /G930FD, 63.98
100% ORIGINAL Charger Adapter Head EP-TA20UWE Samsung Note 4 5 S6 S7, 49.98
NILLKIN Clear LCD Screen Protector Samsung S7 Edge /G935FD ~Front Back, 23.98
3D FULL Tempered Glass Screen Protector Samsung Galaxy S7 Edge G935FD, 83.98
100% ORIGINAL Internal Battery EB-BG930ABE Samsung Galaxy S7 /G930FD, 63.98
100% ORIGINAL Battery EB-BG935ABE Samsung Galaxy S7 Edge / G935FD, 73.98
Genuine EP-TA20EWEUGWW Charger Cable Samsung Note 4 5 S6 S7 Edge ~2PIN, 137.98
ORIGINAL PISEN MU01-800 Charging USB Cable Samsung S6 S7 Edge Note 4 5, 18.98
Samsung S7 Edge Full  screen back protector jelly gel tpu type, 12.00
ORIGINAL HOUSING Battery Cover Samsung Galaxy S7 Edge / G935FD ~GOLD, 59.98
Samsung Galaxy S7 Edge S8 S8+ Plus Tough Armor Back Case Cover Casing, 35.90
Samsung Galaxy S7 / Edge Magnet Ring Stand Back Case Cover Casing, 45.90
IPAKY Samsung S7 Edge Armor Case, 25.90
Samsung Galaxy S3 S4 S5 S6 Edge S7 Grand Note 2 3 4 5 7 Tempered Glass, 5.98
Curve Full Tempered Glass Samsung S7 Edge S8 S8+ Plus + Screen Protector, 36.00
Samsung Galaxy S7 Edge 32GB (Condition 99%)," 1,650.00"
(ORIGINAL) SAMSUNG WARRANTY Samsung Galaxy S7 EDGE G935 32GB," 2,225.00"
(ORIGINAL) SAMSUNG MALAYSIA WARRANTY Samsung Galaxy S7 G930 (FREEGIFT)," 2,330.00"
Samsung S8/S8+/S7 Edge/S7/S6 Edge/ S6 Edge+ ultra-thin protective case, 43.00
â??Samsung Galaxy S7 Edge LTE (Like New)," 1,769.00"
(ORIGINAL) SAMSUNG WARRANTY Samsung Galaxy S7 G930," 2,350.00"
100% Spigen SGP Samsung Galaxy S7 Edge Slim Armor Case Cover Casing, 106.90
Ready Stock@ Samsung Galaxy S7 Edge 3D Curved Round Screen Protector, 43.90
Qialino Genuine Leather Samsung Galaxy S7 Flip Case Cover Casing, 140.80
Samsung Galaxy S7 Edge Transparent Hard Back Cover Casing+Free 2pcs SP, 25.90
Samsung Galaxy S7 Edge Back Case Cover Casing+Lanyard+Tempered Glass, 40.80
Samsung Galaxy S7 Edge S8 S8+ Plus Tough Armor Back Case Cover Casing, 36.90
Samsung Galaxy S7 S7 Edge LUNATIK Extreme Protection Waterproof Case, 55.00
Samsung S6 Edge S7 Edge A5 A510 A7 A710 Leather Wallet Flip Case Cover, 79.90
Samsung S6 S7 Edge PLUS Kalaideng Standable Leather Wallet Flip Case, 99.00
Samsung Galaxy S7 Edge Tempered Glass Screen Protector 2016, 29.90
Samsung S3 S4 S5 S6 S7 Edge Plus Note 2 3 4 5 A5 A8 J5 J7 MIRROR Case, 59.90
Samsung Galaxy S7 Edge Tempered Glass Screen Protector, 79.90
Samsung Galaxy S7 Edge Tempered Glass Screen Protector 2016, 59.90
SAMSUNG GALAXY S6 NOTE 5 S7 EDGE PLUS FULL Curve Screen Protector, 49.90
Samsung Galaxy Note 2 3 4 5 S6 S7 Edge J5 J7 Transparent NEON Case, 49.90
SAMSUNG NOTE S3 S4 2 3 4 5 S6 S7 EDGE PLUS GRAND MIRROR Bumper Case, 79.90
SAMSUNG S6 S7 EDGE PLUS NOTE 7 EDGE Full Transparent Tempered Glass, 59.90
Samsung Galaxy S7 Edge Note 7 Tempered Glass Screen Protector, 79.90
SAMSUNG GALAXY S7 - ARMOR SHOCKPROOF HYBRID CASE WITH STAND, 15.00
IPHONE 5 6 Plus Samsung Note 3 4 5 7 S4 S5 S6 S7 Edge A5 A7 J5 J7 Case, 39.90
iphone 5 6 6S 7 Samsung S3 S4 S5 S6 S7 Edge Plus Note 2 3 4 5 TPU case, 2.99
2in1 Charger Cable EP-TA20UWE Samsung Note 4 5 S6 S7 Edge+ ~3PIN |2A, 26.98
SAMSUNG GALAXY S7  & S7 EDGE ORI G-CASE FULL Transparent TPU Case, 59.90
Samsung Galaxy S7 Edge Plus ORI IMAK Full Transparent TPU Case, 59.90
SAMSUNG GALAXY S7  & S7 EDGE ORIGINAL TOTU Transparent TPU Case, 59.90
Samsung Galaxy S7 Edge ROCK Dr.V S-View Transparent Flip Cover Case, 89.90
Samsung Galaxy S7 Edge NILLKIN Frosted Case FREE Screen Protector, 79.90
Samsung Galaxy S7 Edge NILLKIN Ultra Slim Transparent Tpu Case, 69.90
Samsung Galaxy S7  & S7 Edge SECRET GARDEN Neon TPU Case Cover, 59.90
Samsung Galaxy S7 Edge ORIGINAL LENUO SLIM Leather Flip Case, 59.90
Samsung Galaxy S7 Edge X-FITTED FULL Protection Transparent Case, 49.90
Samsung Galaxy S7 Edge DROP Resistance SLIM TPU Case, 39.90
Samsung Galaxy S7 Rock DR.V Series Smart Leather Case, 48.00
Samsung Galaxy S7 Edge Original Wireless Charging Battery Pack 3400mAh, 499.00
Bdotcom = Samsung Galaxy S7 Edge QWERTY Keyboard Cover Case, 279.00
Bdotcom = Samsung Galaxy S7 Edge Original Flip Wallet Cover Case, 129.00
Bdotcom = Samsung Galaxy S7 Edge Original S View Smart Cover Case, 219.00
Bdotcom = Samsung Galaxy S7 Edge Original Clear View Cover Case, 198.00
Bdotcom = Samsung Galaxy S7 Edge Original LED Flip Wallet Cover, 259.00
Bdotcom = Samsung Galaxy S7 Edge Rock Ultra Thin TPU Case, 38.00
SUPCASE Samsung Galaxy S7 / Edge Full Body Rugged Case Cover Casing, 95.90
Samsung Galaxy S6 S7 Edge Plus Note 5 Flip Leather Case Cover Casing, 73.90
ROCK Dr V Samsung Galaxy S7 / S7 Edge Flip Cover Case, 55.00
New Samsung Galaxy S7 Edge Transparent Gold Grey Cover Case Casing, 38.00
Samsung S7 Edge Ultra Slim TPU Silicone Soft Back Case Cover Casing, 46.30
Samsung S7 Edge 3D Relief Cartoon Silicone Soft Back Case Cover Casing, 45.50
Original Samsung S7 edge LED View Smart Answer Flip Case Cover Casing, 198.00
Samsung S7 S7 edge Drop Resistance PC Hard Back Case Cover Casing, 40.00
Samsung S7 S7 edge Scenery TPU Silicone Soft Back Case Cover Casing, 45.00
Original Samsung S7 S7 Edge Smart View Chipset Flip Case Cover Casing, 125.00
Original Samsung Galaxy S7 / Edge Flip LED Dot View Cover Case Casing, 128.90
Cow Leather Samsung Galaxy S7 Edge Flip Case Cover Casing + Free Gift, 76.90
100% Spigen SGP Samsung Galaxy S7 Edge Neo Hybrid Crystal Case Cover, 123.90
Samsung Galaxy S7 edge ROCK Touch Series, 39.00
Samsung Galaxy S7 ROCK Dr V Series, 49.00
Tough Armor Case Samsung Note 3 4 5 S3 S4 S5 S6 S7 Edge Plus Iphone 6 7, 18.99
Samsung Galaxy S7 ROCK TPU Ultrathin, 25.00
Rugged Armor Case Samsung C9 Pro S6 S7 Edge S8 PLUS A5 A7 J2 J5 J7 Prime 2017, 17.90
Samsung S6 S7 Edge S8 Plus Note 2 3 4 5 A5 A7 A8 J5 J7 Prime MIRROR Case, 16.99
UMGG Samsung Galaxy S7 Edge Flip Transparent Armor Case Cover Casing, 37.90
100% Spigen SGP Samsung Galaxy S7 / Edge Neo Hybrid Case Cover Casing, 103.90
100% Spigen SGP Samsung Galaxy S7 Edge Ultra Hybrid Case Cover Casing, 87.90
Msvii Samsung Galaxy S7 / Edge Baby Skin Matte Back Case Cover Casing, 33.90
Aluminium Metal armor casing case cover for Samsung S7 Edge, 86.80
Geotel Note 5.5 inc 3G RAM+16GBROM 13MP Android6.0 4G Samsung S7 S8 A5, 499.00
Samsung Galaxy S7 / Edge ShakeProof Armor Case Cover Casing +Free Gift, 35.90
CABSTONE 6A 3 USB QC Fast Charger Samsung Galaxy S8 S8 Plus S7 Edge, 159.00
Samsung Galaxy S7 Edge SIM Tray with Waterproof Seal, 21.88
Samsung Galaxy S7 Edge / S7 Tempered Glass Camera Protector, 9.88
Glass-M Samsung Galaxy S7 Edge Full Screen Protector, 14.88
Glass-M Samsung Galaxy S7 Full Screen Protector, 14.88
SAMSUNG Galaxy S7 Edge Full Cover 3D Tempered Glass Screen Protector, 24.88
100% ORIGINAL Earphone Handsfree EO-EG920BW Samsung Note 4 5 S5 S6 S7, 38.98
Samsung Galaxy S3 S4 S5 S6 S7 Edge Plus ShakeProof Case Cover Casing, 36.90
Samsung Galaxy S7 SIM Tray with Waterproof Seal, 21.88
CABSTONE 3.4A 2 USB Smart IC Charger Samsung Galaxy S8 S8 Plus S7, 99.00
SAMSUNG GALAXY S7 ANTISCRATCH SHELL CASE, 9.90
Samsung Galaxy S7 G930 S7 Edge G935 Front Glass Lens Lcd Touch Screen, 89.80
Samsung Galaxy S6 G920 / S6 Edge G925 / S7 Edge G935 Sim Tray, 19.80
Nillkin Samsung Galaxy S7 Edge Sparkle Leather Case APP Cover Casing, 42.90
Original Samsung S6 Edge /  S7 Edge Casing Case Cover, 43.80
Samsung S7 Edge Drop Resistance Silicone Korea Casing Case Cover, 39.80
Samsung S5/S6/S7 Note3/4/5/7 Metal Armor Tough Drop Casing Case Cover, 130.80
Samsung S7 & Edge Anti Gravity Casing Case Cover Stick to most surface, 64.90
Samsung Micro USB S6 S7 Edge Note 4 5 Fast Charging Adapter With Cable, 11.99
Samsung Micro USB Note 4 5 S6 S7 Edge 1.5m Fast Charging Data Cable, 11.99
Two Tone Fashion Hard Casing Case Cover for Samsung S7 Edge, 58.90
Samsung Galaxy S7 / Edge Silicone Case Cover Casing +Ring Holder Stand, 42.90
100% Rearth Ringke Samsung Galaxy S7 / Edge Fusion Case Cover Casing, 69.90
Cow Leather Samsung Galaxy S7 Edge Note 7 5 Wallet Case Cover Casing, 145.90
Alivo Samsung Galaxy S7 / Edge Flip Card Slot Case Cover Casing, 37.90
Baseus Samsung Galaxy S7 Edge Dust Plus Ultra Thin Case Cover Casing, 29.90
Samsung Galaxy Note 3 4 5 S6 S7 Edge Soft Silicone Case Cover Casing, 29.90
Samsung Galaxy S7 Edge Silicone Case Cover Casing + Diamond Ring Stand, 40.90
Samsung Galaxy S7 / Edge Mirror Silicone Soft Bumper Case Cover Casing, 28.90
Samsung Galaxy S7 / Edge Mirror Silicone Bumper Case Cover Casing, 29.90
Samsung S7 Edge iPhone 7 Plus iPad Mobile Tablet Metal Stand Holder, 39.90
Samsung S7 Flip Mirror Casing Case Cover , 49.90
Samsung S7 Leather Thin Metal Casing Case Cover, 64.90
Samsung S7 & Edge Anti Gravity Casing Case Cover Stick to most surface, 64.90
Samsung S7 Edge Drop Resistance Silicone Korea Casing Case Cover, 39.80
Drop proof casing case cover for Samsung S7/S7 Edge  [7 days delivery], 48.80
Samsung S7/S7 Edge anti drop protective cover, 59.90
Samsung S5/S6/S7 Note3/4/5/7 Metal Armor Tough Drop Casing Case Cover, 130.80
Samsung S7 Edge 360 Protection Casing Case Cover [Delivery 5-9 days], 38.80
Samsung S7 Edge Solid Frosted Color Casing Case Cover, 28.80
Samsung S7 Edge silicone surface protective sleeve, 39.90
Samsung S7/S7 Edge Transparent frosted protective case, 59.90
Samsung S7/S7 Edge protective cover, 59.90
Samsung S7 Edge Wood Casing Case Cover, 53.80
Original Samsung S6 Edge /  S7 Edge Casing Case Cover, 43.80
Samsung S7 Edge/S7 silicone protective cover, 79.90
Samsung S7/S7Edge Camouflage soft silicone protective sleeve, 49.90
Samsung S7/S7 Edge slim silicone protective sleeve, 49.90
Samsung S7/S7 Edge silicone protective cover housing drop resistance, 49.90
Samsung S7/S7 Edge soft silicone protective surface, 39.90
Samsung S7 Edge carbon fiber silicone case, 99.90
Samsung S7/S7 Edge silicone anti-drop surface protection case, 49.90
Samsung S6/S6 Edge/S7/S7 Edge transparent thin tpu soft touch cover, 59.90
Samsung Note 5 / J7 / S7 Edge Anti Fingerprint Sweat Casing Case Cover, 33.80
Marble Casing Case Cover Samsung C5 / C7 / C9 Pro / S7 Edge / NOTE3, 68.80
Protective Metal Cover Case Casing Samsung S7 / S7 Edge , 55.80
Samsung S7 edge protective back cover case, 89.90
Samsung S7/S7Edge anti-drop silicone surface protection case, 89.90
Samsung S7 Edge Creative transparent surface case, 59.90
Samsung S7 Edge G9350 silica gel hard case, 59.90
Samsung S7/S7 Edge Supcase hard silicone drop protection case, 79.90
SUPCASE Samsung S7/S7 Edge protection cover, 99.90
Samsung S7 Edge hard shell creative case, 59.90
Samsung S7 Edge full-screen 3D tempered protective film , 79.90
Samsung S7 edge metal frame ultra thin anti-drop case, 89.90
Drop proof casing case cover for Samsung S7/S7 Edge  [7 days delivery], 48.80
Samsung S7/S7 Edge ultra thin anti fingerprint case casing cover, 59.90
Ultra Thin Hard Protective Case Casing Cover Samsung S7 / S7 edge, 55.80
Samsung S6 Edge/S6 Edge Plus/S7 Edge Tempered Glass Full Screen, 59.23
Samsung Galaxy S5 S6 S7 Edge Edge+ Plus Flip Leather Case Cover Casing, 33.90
OTTERBOX Symmetry Slim Tough Case | Samsung Galaxy S7 Edge - Black, 169.00
OTTERBOX Symmetry Slim Tough Case | Samsung Galaxy S7 Edge - Broad, 169.00
OTTERBOX Symmetry Slim Tough Case | Samsung Galaxy S7 Edge - Glacier, 169.00
OTTERBOX Symmetry Clear Slim Case | Samsung Galaxy S7 Edge - Black, 169.00
OTTERBOX Sport Armband Running Arm Band Samsung Galaxy S7 S6 Edge S5, 129.00
OTTERBOX Defender Case+Belt Holster | Samsung Galaxy S7 Edge Black, 219.00
Bdotcom = Samsung Galaxy S7 Edge Usams Muge Series Leather Stand Case, 48.00
Bdotcom = Samsung Galaxy S7 Baseus Air series TPU Case, 38.00
Bdotcom = Samsung Galaxy S7 Edge Baseus Air series TPU Case, 38.00
Bdotcom = Samsung Galaxy S7 Baseus Air series TPU Case, 38.00
Bdotcom = Samsung Galaxy S7 Edge Baseus Air series TPU Case, 38.00
Original Samsung Galaxy S7 Edge 3600mAh EB-BG935ABE Standard Battery, 77.99
Original Samsung Galaxy S7 3000mAh EB-BG930ABE Standard Battery , 77.99
2x Ultra Clear LCD Screen Protector Samsung Galaxy S7 Edge / G935FD, 10.98
Samsung S7 Edge 360 Protection Casing Case Cover [Delivery 5-9 days], 38.80
Samsung S7/S7 Edge Transparent Protective Case [Delivery 5-9days], 39.90
Samsung Galaxy S7 / Edge 3D Silicone Case Cover Casing + Free Gift, 36.90
Samsung Galaxy S7 / Edge Card Slot Wallet Clips Bag Case Cover Casing, 105.90
Ready Stock@ Samsung Galaxy S7 Edge Transparent Flip Case Cover Casing, 33.90
Samsung Fast Charge 15W Charger and Charging Cable S6/S7 Edge/Note 5, 38.90
Samsung 15W Fast Adaptive 2A In-Car Charger for Samsung S7/S7 Edge, 29.90
100% Spigen Samsung Galaxy S7 / Edge Rugged Armor Case Cover Casing, 65.90
Original XOOMZ Cow Leather Samsung Galaxy S7 Back Case Cover Casing, 99.90
DUX DUCIS Samsung Galaxy S7 Edge S8 S8+ Plus Flip Case Cover Casing, 39.90
100% ORIGINAL Earphone Handsfree EO-EG920BW Samsung Note 4 5 S6 S7 S8, 38.98
Samsung Galaxy S7 Edge TPU Casing, 10.00
Samsung Galaxy S7 Edge TPU Casing, 10.00
XUNDD Samsung Galaxy S7 Edge Card Slot Wallet Clips Case Cover Casing, 65.90
Samsung Galaxy S7 / Edge PU Leather Card Slot Case Cover Casing, 48.90
Samsung Galaxy S7 Edge 32GB 4gb Ram Black Rm1650," 1,650.00"
MOBY Samsung Galaxy S7 / Edge Leather Silicone Case Cover Casing, 38.90
100% Rock Samsung Galaxy S7 Edge DR V Case Cover Casing + Free Gifts , 59.90
Samsung Galaxy S7 / Edge ShakeProof Case Cover Casing + Free Gift, 38.90
Samsung Galaxy S7 / Edge Vintage Leather Back Case Cover Casing + Gift, 47.90
Samsung Galaxy S7 / Edge Soft TPU Shell Case Cover Casing + Free Gift, 36.90
100% Ringke Samsung Galaxy S7 Edge Genuine Leather Case Cover Casing, 239.90
Qialino Genuine Leather Samsung Galaxy S7 Edge Flip Case Cover Casing, 146.90
Samsung Galaxy S7 / Edge Diamond Soft Silicone Case Cover Casing +Ring, 42.90
Cow Leather Samsung Galaxy S7 Edge Note 4 5 Wallet Case Cover Casing, 93.90
Ultra Thin Hard Protective Case Casing Cover Samsung S7 / S7 edge, 55.80
Anti Fingerprint Casing Case Cover Samsung S8 / S7 Edge / C9 Pro / S6, 50.80
CABSTONE 7.2A 4 USB Car Quick Charger Samsung Galaxy S8 S8 Plus S7, 109.00
CABSTONE 6A 4 USB-C Car Quick Charger Samsung Galaxy S8 S8 Plus S7, 129.00
RingKe Silicone military standard casing case cover Samsung S7/S7Edge, 82.80
Samsung Galaxy S7 Edge 3D Relief Hard Back Case Cover Casing + Gift, 32.90
Samsung Galaxy S7 / S7 Edge Camouflage Case Cover Casing + Free Gift, 38.90
Samsung Galaxy S7 / Edge Aluminium Thor Metal Case Cover Casing +Gifts, 103.90
RingKe Silicone military standard casing case cover Samsung S7/S7Edge, 82.80
Samsung S7 / S7 Edge Leather Wallet Purse Magnetic Casing Case Cover, 118.80
Samsung S7 Edge Flip Mirror Casing Case Cover, 45.80
Samsung S7 Edge Silicone Transparent Thin Clear Casing Case Cover, 30.80
Samsung S7 Edge Solid Frosted Color Casing Case Cover, 28.80
SAMSUNG GALAXY S7 EDGE ORIGINAL G-CASE Leather Flip Case, 25.00
Samsung Galaxy S7 / Edge PU Leather Back Case Cover Casing, 45.90
XOOMZ Samsung Galaxy S7 / Edge PU Leather Back Case Cover Casing, 48.90
Samsung Galaxy S7 / Edge Diamond SIlicone Soft Case Cover Casing, 28.90
Samsung Galaxy S7 Camera Glass, 18.00
SAMSUNG S7 Edge Hard Casing Slim Type, 16.88
Samsung S7 Edge Wood Casing Case Cover, 63.80
TOTUDESIGN Color Series Samsung Galaxy S7 Edge Back PU Case Cover, 29.90
100% Spigen SGP Samsung Galaxy S7 / Edge Thin Fit Case Cover Casing, 68.90
Samsung Galaxy S7 Full Cover Tempered Glass Screen Protector, 46.90
iface mall Samsung Galaxy S7 / Edge 3D ShakeProof Case Cover Casing, 45.90
Samsung S6 S7 Edge PLUS Kalaideng Standable Leather Wallet Flip Case, 99.00
GoosPery Samsung s7 silicon portable  back case wallet men women, 42.00
CABSTONE QC 3.0 USB Car Quick Charger Samsung Galaxy S8 S8 Plus S7, 59.00
CABSTONE QC 3.0 2-USB Car Quick Charger Samsung Galaxy S8 S8 Plus S7, 89.00
SAMSUNG S7 Edge Camera Glass, 17.88
SAMSUNG GALAXY S6 NOTE 5 S7 EDGE PLUS FULL Curve Screen Protector, 49.90
Samsung Galaxy S7 Edge 32GB 4gb Ram GOLD Rm1650," 1,650.00"
Samsung Galaxy S7 Edge Tempered Glass Screen Protector, 79.90
Samsung S6 Edge S7 Edge A5 A510 A7 A710 Leather Wallet Flip Case Cover, 79.90
Samsung Galaxy S7 Edge Tempered Glass Screen Protector 2016, 29.90
Samsung Galaxy S7 Edge Tempered Glass Screen Protector, 79.90
Samsung Galaxy S7 Edge Tempered Glass Screen Protector 2016, 59.90
Samsung Galaxy S7 Edge Tempered Glass Screen Protector 2016, 59.90
Samsung Galaxy S7 Edge Note 7 Tempered Glass Screen Protector, 79.90
SAMSUNG NOTE S3 S4 2 3 4 5 S6 S7 EDGE PLUS GRAND MIRROR Bumper Case, 79.90
IPHONE 5 6 Plus Samsung Note 3 4 5 7 S4 S5 S6 S7 Edge A5 A7 J5 J7 Case, 39.90
Samsung S6 S7 Edge PLUS Kalaideng Standable Leather Wallet Flip Case, 99.00
SAMSUNG NOTE S3 S4 2 3 4 5 S6 S7 EDGE PLUS GRAND MIRROR Bumper Case, 79.90
Samsung Galaxy S7 Edge Tempered Glass Screen Protector 2016, 59.90
Samsung Galaxy S7 Edge Remax Curved Full Cover Tempered Glass, 99.00
Nillkin Synthetic Fiber Protective Case for Samsung Galaxy S7 Edge, 59.00
Samsung Galaxy S7 Edge Phone Case, 34.90
Likgus Samsung Galaxy S7 Edge TPU+PC Slim Fit Protective Case, 28.90
"Samsung C9 Pro,S7 Edge Anti-Shock Transparent Soft TPU Case", 10.90
Aluminium Metal armor casing case cover for Samsung S7 Edge, 86.80
SAMSUNG S7 Edge Privacy Full Cover 3D Tempered Glass Screen Protector, 35.88
Samsung S7 Edge 360 Protection Casing Case Cover [Delivery 5-9 days], 48.80
Samsung S7 / S7 Edge Leather Wallet Purse Magnetic Casing Case Cover, 98.80
Samsung S7 Edge Flip Mirror Casing Case Cover, 45.80
Samsung S7 Edge Silicone Transparent Thin Clear Casing Case Cover, 48.80
Samsung S7 Edge Solid Frosted Color Casing Case Cover, 38.80
Samsung S7 Edge Wood Casing Case Cover, 53.80
Samsung S7 Edge silicone surface casing case cover, 39.90
Protective Metal Cover Case Casing Samsung S7 / S7 Edge , 55.80
Marble Casing Case Cover Samsung C5 / C7 / C9 Pro / S7 Edge / NOTE3, 68.00
Nillkin Samsung Galaxy S7 Edge Ultra Thin TPU Case Cover Casing + Gift, 36.90
SAMSUNG GALAXY S7  SM-G930A / G9300 ROUND EDGE TEMPERED GLASS , 25.00
Samsung Galaxy S7 Nillkin Nature Series Silicone Cover TPU Case, 30.00
Samsung Galaxy S7 Nillkin Sparkle Series Leather Cover Flip Case, 48.00
Samsung Galaxy S7 Nillkin Super Frosted Shield Cover Sand Case, 38.00
Samsung Galaxy S7 Nillkin Qin series Leather Case, 48.00
Samsung Galaxy S7 Nillkin Defender 2 Series Protective Case, 48.00
CAPTAIN AMERICA WIRELESS CHARGER Charging Pad for Samsung S6 S7 Edge P, 34.90
Samsung Galaxy S7 Edge Shockproof Transformer Kickstand Cover Case, 18.90
Samsung s7 edge  Motomo Metal + Silicone TPU Drop Resistant PC Plastic, 13.90
Samsung Galaxy S7 Edge Plus SPIGEN SGP Tough Armor Tech SPEAKER Case, 19.00
PRINCE METAL CAMERA LENS PROTECTIVE COVER FOR SAMSUNG GALAXY S7 / S7 EDGE (BLU, 19.00
PRINCE METAL CAMERA LENS PROTECTIVE COVER FOR SAMSUNG GALAXY S7 / S7 EDGE (BLA, 19.00
PRINCE METAL CAMERA LENS PROTECTIVE COVER FOR SAMSUNG GALAXY S7 / S7 EDGE (SIL, 19.00
Samsung Galaxy S7 Edge Spigen Liquid series Transparent Clear Case, 89.00
Samsung Galaxy S7 Rock Ultra Thin TPU Case - rmtlee, 30.00
Samsung Galaxy S7 Nillkin Sparkle series Leather Case - rmtlee, 39.00
Samsung Galaxy S7 Edge Nillkin Nature series TPU Case, 38.00
Samsung Galaxy S7 Edge Nillkin Sparkle series Leather Case, 39.00
Samsung Galaxy S7 Rock Dr.v Smart Leather Case - rmtlee, 58.00
Samsung Galaxy S7 Edge Rock Ultra Thin TPU Case - rmtlee, 28.01
Samsung Galaxy S7 Nillkin Nature series TPU Case - rmtlee, 30.00
Samsung Galaxy S7 Edge 3600mAh EB-BG935ABE Standard Battery - Original, 99.00
Samsung Galaxy S7 Edge Spigen Neo Hybrid Crystal series Back Case, 149.00
Samsung Galaxy S7 Edge Spigen Ultra Hybrid series Back Case - Original, 99.00
Samsung Galaxy S7 Edge Spigen Slim Armor series Case with Stand, 119.00
Samsung Galasy S7 Edge Flip Wallet Cover - Like Ori , 48.00
Samsung Galaxy S7 Nillkin Defender 2 series Protective Case , 48.00
SAMSUNG GALAXY S7 EDGE G935 TOTU DESIGN CLEAR TRANSPARENT TPU CASE, 20.00
Samsung Galaxy S7 Edge Rock Dr.v Smart Leather Case - rmtlee, 55.00
"Samsung S4,S5,S6,S7,S7 Edge, S8,S8Plus B&W Cat Case ", 27.56
Samsung Galaxy S7 Edge (Curved Cover) Tempered Glass, 39.00
"OUCase Samsung S7 Edge,Note 5 Jane Wind Series Ultra Thin Hard Case", 18.90
"Samsung S4,S5,S6,S7,S7 Edge, S8,S8Plus B&W Cat Case", 26.00
Samsung Galaxy S7 Edge Spigen Liquid series Transparent Clear Case, 89.00
Samsung Galaxy S7 Edge Spigen Neo Hybrid Crystal series Back Case, 149.00
Samsung Galaxy S7 Edge Spigen Ultra Hybrid series Back Case, 99.00
Samsung Galaxy S7 Edge Spigen Slim Armor series Case with Stand, 119.00
Samsung Galaxy S7 Edge Spigen Tough Armor series Protective Case, 149.00
Samsung Galaxy S7 Edge 3600mAh Original Battery, 99.00
Samsung Galaxy S7 Edge Nillkin Defender 2 Series Cover Case, 38.00
Samsung Galaxy S7 Edge Original UAG Protective Slim Case, 159.00
Samsung Galaxy S7 Edge Original Spigen Thin Fit series Back Case, 89.00
Samsung S7 Edge Spigen Rugged Armor series Protective Case, 89.00
Samsung Galaxy S7 Edge Spigen Crystal Shell series Back Case, 129.00
IMAK Air Crystal Case Transparent Cover for Samsung Galaxy S7 Edge, 29.90
Samsung Galaxy S7 S7 Edge Custom Battery Skin Back Protector, 20.00
Samsung S7 Edge S8 S8 Plus A5 A7 2017 3 in 1 Ring Stand Slim Hard Case, 19.95
Samsung S-View Cover for Galaxy S7 (G930) - Gold, 109.00
Samsung S-View Cover for Galaxy S7 (G930) - Dark Blue, 109.00
PRINCE METAL CAMERA LENS PROTECTIVE COVER FOR SAMSUNG GALAXY S7 / S7 EDGE (BLA, 21.00
PRINCE METAL CAMERA LENS PROTECTIVE COVER FOR SAMSUNG GALAXY S7 / S7 EDGE (BLU, 21.00
PRINCE METAL CAMERA LENS PROTECTIVE COVER FOR SAMSUNG GALAXY S7 / S7 EDGE (SIL, 21.00
Lunatik Taktik Extreme Protection Casing for Samsung Galaxy S7 Edge - Black, 79.00
Glass Premium 9H Tempered Glass Screen Protector for Samsung Galaxy S7 - Trans, 19.00
6500mAh Ultra Slim Battery Charger Powercase with Samsung S7, 80.00
6500mAh Ultra Slim Battery Charger Powercase with Samsung S7, 80.00
X-Level FIB Color Ultra Slim PU Leather Stand Cover Case for Samsung Galaxy S7, 55.00
X-Level FIB Color Ultra Slim PU Leather Stand Cover Case for Samsung Galaxy S7, 55.00
SAMSUNG GALAXY S7 EDGE (G935F)(SME WARRANTY)," 2,299.00"
X-Level Color Ultra Slim PU Leather Stand Cover Case Samsung S7 Edge, 55.00
X-Level Ultra Slim PU+TPU Leather Stand Cover Case Samsung S7 Edge , 55.00
Redpepper Waterproof Shockproof Case for Samsung Galaxy S7 - Black/Transparent, 69.00
Samsung S7 Edge Ultra Thin Soft TPU Transparent Case With Dust Plug, 21.90
Mercury Samsung S7 Edge Fancy Diary Case (Free Golf Micro USB Cable), 16.90
READY STOCK Samsung Note S6 S7 Edge Plus FULL Tempered Glass Protecter, 35.90
"Flip LED View Protector Cover Case For Samsung Galaxy S7, S7 Edge - Gold", 79.00
"Mirror Series Smart Flip Protector Cover Case For Samsung Galaxy S6, S7, S7 Ed", 99.00
"Genuine Samsung Galaxy S7 Edge Lens Cover, Telephoto Lens(180°) and Wi", 269.00
Joyroom Samsung s7/s7edge luxury protective cover with ring, 49.00
Samsung S7/S7 edge thin silicone transparent anti - drop cover, 34.87
Samsung s7/s7 edge ultra thin mate hard cover , 45.66
Samsung S7/S7 Edge Protection premium back cover, 47.16
RingKe Samsung S7/S7 Edge silicone case, 79.90
Samsung S7 Edge G9350 tempered case, 49.90
Samsung S7/S7Edge thermal protection case, 49.90
Samsung S7/S7 Edge silicone ultra thin case, 100.00
Samsung S7/S7Edge silicone protective case, 49.90
Samsung S7/S7 Edge protective case, 49.90
Samsung Gear VR 2016 GEN 2 R323 S6 S7 S8 Note 5 NEW Rm270, 270.00
Samsung S7 Edge Ultra Slim Soft TPU Transparent Full Cover Flip Case, 23.90
"Samsung S7,Note 5 Ultra Slim Soft TPU Transparent Full Cover Flip Case", 23.90
BOTANIC Samsung S7 Edge Anti-Shock Transparent PC+TPU Protective Case, 15.90
PU Leather Wallet Purse Casing Case Cover for Samsung S7 & S7 Edge, 98.80
PRINCE METAL CAMERA LENS PROTECTIVE COVER FOR SAMSUNG GALAXY S7 / S7 EDGE (BLA, 21.00
PRINCE METAL CAMERA LENS PROTECTIVE COVER FOR SAMSUNG GALAXY S7 / S7 EDGE (BLU, 21.00
PRINCE METAL CAMERA LENS PROTECTIVE COVER FOR SAMSUNG GALAXY S7 / S7 EDGE (SIL, 21.00
PU Leather Wallet Purse Casing Case Cover for Samsung S7 & S7 Edge, 98.80
Samsung Galaxy S8 Plus S7 Edge Heat Sensing PU Soft Back Cover Case, 15.99
Ultra thin soft casing case cover for Samsung S7 & S7 Edge, 45.80
"Carbon Fiber Back Film Samsung S7 Edge, S8, S8+ Plus", 7.90
